301,题目1,1.0000582842,-1.5664801655,-2.67287590947|-1.31573103028|-0.710833556645,1|2|3|4,选项1|选项2|选项3|选项4,1,2
302,题目2,1.0073548359,-1.6142196285,-2.26442270757|-1.69399203143|-0.884244146532,3|1|2|4,选项1|选项2|选项3|选项4,1,2
303,题目3,1.0148267965,-1.5316923977,-2.72587694948|-1.7494023346|-0.119797909164,4|1|2|3,选项1|选项2|选项3|选项4,1,2
304,题目4,1.0207501745,-1.3642575166,-2.33498724238|-1.48376151578|-0.274023791683,2|1|3|4,选项1|选项2|选项3|选项4,1,2
305,题目5,1.0216120554,-1.5514660742,-2.84763408097|-1.21014784303|-0.596616298662,3|1|2|4,选项1|选项2|选项3|选项4,1,2
306,题目6,1.0233910377,-1.0789319998,-2.00155623115|-1.09004775029|-0.145192018048,1|2|3|4,选项1|选项2|选项3|选项4,1,2
307,题目7,1.0259143306,-1.7812259668,-2.9687220855|-1.55791762545|-0.817038189348,3|1|2|4,选项1|选项2|选项3|选项4,1,2
308,题目8,1.0378734556,-1.182459269,-2.07534670249|-1.33879409214|-0.133237012282,1|2|3|4,选项1|选项2|选项3|选项4,1,2
309,题目9,1.0430829256,-1.4289895381,-2.48878766179|-1.6409841783|-0.157196774113,4|1|2|3,选项1|选项2|选项3|选项4,1,2
310,题目10,1.0454833557,-1.4524995631,-2.53623179569|-1.60499441243|-0.216272481164,3|1|2|4,选项1|选项2|选项3|选项4,1,2
311,题目11,1.0536735174,-1.6164130211,-2.0803104253|-1.84915321924|-0.919775418761,1|2|3|4,选项1|选项2|选项3|选项4,1,2
312,题目12,1.069770554,-1.434141383,-2.48264471936|-1.58222038231|-0.237559047188,3|1|2|4,选项1|选项2|选项3|选项4,1,2
313,题目13,1.0785468796,-1.5572542742,-2.41489608348|-1.28142543233|-0.975441306918,3|1|2|4,选项1|选项2|选项3|选项4,1,2
314,题目14,1.0805953135,-1.6172037038,-2.85305530851|-1.23213842242|-0.766417380539,3|1|2|4,选项1|选项2|选项3|选项4,1,2
315,题目15,1.0810136527,-1.4900941066,-2.35928883575|-1.22058665142|-0.890406832757,2|1|3|4,选项1|选项2|选项3|选项4,1,2
316,题目16,1.0814381843,-1.38247662,-2.16179209473|-1.24512028001|-0.740517485163,2|1|3|4,选项1|选项2|选项3|选项4,1,2
317,题目17,1.0900312124,-1.6723796451,-2.85235399889|-1.53879652913|-0.625988407357,4|1|2|3,选项1|选项2|选项3|选项4,1,2
318,题目18,1.1033079547,-1.4448064413,-2.13314529064|-1.40513575397|-0.79613827926,1|2|3|4,选项1|选项2|选项3|选项4,1,2
319,题目19,1.1074442953,-1.4293734731,-2.90294999176|-1.32765457395|-0.0575158535374,4|1|2|3,选项1|选项2|选项3|选项4,1,2
320,题目20,1.1117615194,-1.2777251463,-2.48356327486|-1.04550395933|-0.304108204673,3|1|2|4,选项1|选项2|选项3|选项4,1,2
321,题目21,1.1269336219,-1.4426580542,-2.65862647441|-1.21230647577|-0.45704121237,1|2|3|4,选项1|选项2|选项3|选项4,1,2
322,题目22,1.1270049365,-1.4626319045,-2.16558627177|-1.17354689839|-1.04876254333,2|1|3|4,选项1|选项2|选项3|选项4,1,2
323,题目23,1.1316643733,-1.3871622439,-2.68130970172|-1.33395255105|-0.14622447882,1|2|3|4,选项1|选项2|选项3|选项4,1,2
324,题目24,1.1373539568,-1.3174780311,-2.07317095839|-1.28362987609|-0.595633258941,4|1|2|3,选项1|选项2|选项3|选项4,1,2
325,题目25,1.1414689897,-1.8341362613,-2.93978752262|-1.62248523806|-0.940136023311,1|2|3|4,选项1|选项2|选项3|选项4,1,2
326,题目26,1.141785504,-1.4602587243,-2.77979614775|-1.14665142873|-0.454328596306,3|1|2|4,选项1|选项2|选项3|选项4,1,2
327,题目27,1.1784821123,-1.3519405825,-2.09904789713|-1.60306373902|-0.353710111464,1|2|3|4,选项1|选项2|选项3|选项4,1,2
328,题目28,1.1841068376,-1.5922327045,-2.79586271987|-1.6117657781|-0.369069615573,2|1|3|4,选项1|选项2|选项3|选项4,1,2
329,题目29,1.1847609803,-1.4439303503,-2.71437635525|-1.58662737714|-0.0307873183949,4|1|2|3,选项1|选项2|选项3|选项4,1,2
330,题目30,1.1932088299,-1.409195088,-2.35344163713|-1.01806995853|-0.856073668383,1|2|3|4,选项1|选项2|选项3|选项4,1,2
331,题目31,1.1934083203,-1.7045158129,-2.93968903756|-1.40394832654|-0.769910074497,1|2|3|4,选项1|选项2|选项3|选项4,1,2
332,题目32,1.2007437834,-1.4835284273,-2.31190118576|-1.43460806461|-0.704076031632,1|2|3|4,选项1|选项2|选项3|选项4,1,2
333,题目33,1.2031840466,-1.6998607861,-2.81983868652|-1.95442538304|-0.325318288735,2|1|3|4,选项1|选项2|选项3|选项4,1,2
334,题目34,1.2046815041,-1.0834181854,-2.09554133258|-1.12144231786|-0.0332709056932,1|2|3|4,选项1|选项2|选项3|选项4,1,2
335,题目35,1.2047186923,-1.4940209104,-2.33692744365|-1.06567454331|-1.07946074431,4|1|2|3,选项1|选项2|选项3|选项4,1,2
336,题目36,1.2071568887,-1.7536908957,-2.88719051177|-1.4584990383|-0.915383137171,1|2|3|4,选项1|选项2|选项3|选项4,1,2
337,题目37,1.2076784794,-1.8248018937,-2.91084967396|-1.91568240362|-0.647873603603,4|1|2|3,选项1|选项2|选项3|选项4,1,2
338,题目38,1.2148410447,-1.6741551567,-2.86432029603|-1.7532900461|-0.404855127944,4|1|2|3,选项1|选项2|选项3|选项4,1,2
339,题目39,1.2157013093,-1.885450759,-2.74482321548|-1.91108217111|-1.00044689041,2|1|3|4,选项1|选项2|选项3|选项4,1,2
340,题目40,1.2166952453,-1.6144798148,-2.28344071448|-1.63616726336|-0.923831466695,1|2|3|4,选项1|选项2|选项3|选项4,1,2
341,题目41,1.2422263894,-1.6136527773,-2.8520172447|-1.4995190347|-0.489422052515,3|1|2|4,选项1|选项2|选项3|选项4,1,2
342,题目42,1.2589682919,-1.395315548,-2.05426805773|-1.29567239679|-0.836006189368,4|1|2|3,选项1|选项2|选项3|选项4,1,2
343,题目43,1.2615299285,-1.3134709429,-2.46358208854|-1.14547010045|-0.331360639796,3|1|2|4,选项1|选项2|选项3|选项4,1,2
344,题目44,1.26355071,-1.5810440987,-2.64029652551|-1.44847030049|-0.65436547013,3|1|2|4,选项1|选项2|选项3|选项4,1,2
345,题目45,1.2733387281,-1.5267828748,-2.88995777774|-1.2261282354|-0.46426261118,4|1|2|3,选项1|选项2|选项3|选项4,1,2
346,题目46,1.2753092628,-1.4009423953,-2.12857191628|-1.82408159986|-0.250173669754,4|1|2|3,选项1|选项2|选项3|选项4,1,2
347,题目47,1.2792705549,-1.7556235487,-2.87238672397|-1.74467947796|-0.649804444095,1|2|3|4,选项1|选项2|选项3|选项4,1,2
348,题目48,1.2923435902,-1.6123091206,-2.60397393251|-1.94834791389|-0.284605515283,1|2|3|4,选项1|选项2|选项3|选项4,1,2
349,题目49,1.2958594219,-1.5923013516,-2.17137824673|-1.68056406222|-0.9249617458,1|2|3|4,选项1|选项2|选项3|选项4,1,2
350,题目50,1.3018805661,-1.4818596664,-2.64479113801|-1.73075382358|-0.0700340374616,1|2|3|4,选项1|选项2|选项3|选项4,1,2
351,题目51,1.3041492155,-0.549397298,-1.87349650582|-0.686168708107|0.91147331983,1|2|3|4,选项1|选项2|选项3|选项4,1,2
352,题目52,1.3065134431,-0.2390726168,-1.03882131533|-0.11164076334|0.433244228186,1|2|3|4,选项1|选项2|选项3|选项4,1,2
353,题目53,1.3111715229,-0.6930613016,-1.76509444479|-0.742683946265|0.428594486173,2|1|3|4,选项1|选项2|选项3|选项4,1,2
354,题目54,1.3259542821,-0.4915106542,-1.14762849972|-0.657476948916|0.330573485955,4|1|2|3,选项1|选项2|选项3|选项4,1,2
355,题目55,1.3350897532,-0.5963284496,-1.81858088436|-0.838711820862|0.868307356558,2|1|3|4,选项1|选项2|选项3|选项4,1,2
356,题目56,1.3396015518,-0.6248981868,-1.20836854612|-0.803979522001|0.137653507742,1|2|3|4,选项1|选项2|选项3|选项4,1,2
357,题目57,1.340334908,-0.4554625559,-1.24530813054|-0.830382988528|0.709303451334,2|1|3|4,选项1|选项2|选项3|选项4,1,2
358,题目58,1.3495449503,-0.7859705505,-1.65582744952|-1.01233983428|0.310255632423,1|2|3|4,选项1|选项2|选项3|选项4,1,2
359,题目59,1.3543938354,-0.5487761496,-1.27311013096|-0.676523156945|0.303304838966,4|1|2|3,选项1|选项2|选项3|选项4,1,2
360,题目60,1.3580488752,-0.6552899406,-1.08902191413|-1.06262750231|0.18577959458,2|1|3|4,选项1|选项2|选项3|选项4,1,2
361,题目61,1.3637243409,-0.6925587709,-1.79184649217|-0.408622753316|0.122792932673,1|2|3|4,选项1|选项2|选项3|选项4,1,2
362,题目62,1.3674671893,-0.6846056783,-1.62084740889|-0.644742819692|0.211773193734,2|1|3|4,选项1|选项2|选项3|选项4,1,2
363,题目63,1.3690105527,-0.4929705278,-1.74135947318|-0.574093061285|0.836540951136,1|2|3|4,选项1|选项2|选项3|选项4,1,2
364,题目64,1.3710057679,-0.5874912591,-1.95257064314|-0.338288489177|0.528385354942,2|1|3|4,选项1|选项2|选项3|选项4,1,2
365,题目65,1.3783438574,-0.6658717485,-1.34453960774|-1.03907632788|0.386000690184,3|1|2|4,选项1|选项2|选项3|选项4,1,2
366,题目66,1.3882626082,-0.8308368098,-1.94523179645|-1.0135549855|0.466276352692,3|1|2|4,选项1|选项2|选项3|选项4,1,2
367,题目67,1.3896404628,-0.6980198545,-1.91642618848|-0.343109357289|0.165475982302,4|1|2|3,选项1|选项2|选项3|选项4,1,2
368,题目68,1.398197567,-0.4462876588,-1.22947789453|-0.780779809864|0.671394728031,3|1|2|4,选项1|选项2|选项3|选项4,1,2
369,题目69,1.4017694967,-0.2818006464,-1.35155622862|-0.440669118654|0.946823408144,3|1|2|4,选项1|选项2|选项3|选项4,1,2
370,题目70,1.4049204161,-0.4601500045,-1.96495194668|-0.380449999946|0.964951933082,4|1|2|3,选项1|选项2|选项3|选项4,1,2
371,题目71,1.4121987561,-0.615172673,-1.66215589459|-0.829644060709|0.646281936375,2|1|3|4,选项1|选项2|选项3|选项4,1,2
372,题目72,1.4163537667,-0.6927151448,-1.77191856417|-0.869074488007|0.562847617794,4|1|2|3,选项1|选项2|选项3|选项4,1,2
373,题目73,1.4179343602,-0.5918219531,-1.96149142061|-0.541468153556|0.727493714803,2|1|3|4,选项1|选项2|选项3|选项4,1,2
374,题目74,1.4196007551,-0.2967295984,-1.52397041604|-0.132138335151|0.765919956132,2|1|3|4,选项1|选项2|选项3|选项4,1,2
375,题目75,1.4205099188,-0.3993201683,-1.18539287244|-0.673385324666|0.660817692305,3|1|2|4,选项1|选项2|选项3|选项4,1,2
376,题目76,1.4238204885,-0.43682452,-1.34866338723|-0.886746973956|0.924936801128,1|2|3|4,选项1|选项2|选项3|选项4,1,2
377,题目77,1.435948845,-0.424745347,-1.08161295831|-0.724950801509|0.532327718919,2|1|3|4,选项1|选项2|选项3|选项4,1,2
378,题目78,1.4408050239,-0.514909885,-1.90902899982|-0.0695845554631|0.433883900306,1|2|3|4,选项1|选项2|选项3|选项4,1,2
379,题目79,1.4455821378,-0.2764035138,-1.07893685386|-0.413183083558|0.662909395914,1|2|3|4,选项1|选项2|选项3|选项4,1,2
380,题目80,1.4457856442,-0.5628870682,-1.45305662238|-0.659125305614|0.423520723398,1|2|3|4,选项1|选项2|选项3|选项4,1,2
381,题目81,1.4496603871,-0.396989372,-1.32746818134|-0.648098378393|0.784598443615,4|1|2|3,选项1|选项2|选项3|选项4,1,2
382,题目82,1.4685491406,-0.8416637699,-1.83663311996|-1.05956867831|0.37121048854,3|1|2|4,选项1|选项2|选项3|选项4,1,2
383,题目83,1.4792304713,-0.5767366184,-1.60882134748|-1.02187326284|0.900484755037,1|2|3|4,选项1|选项2|选项3|选项4,1,2
384,题目84,1.4878040518,-0.3261642398,-1.81154912832|-0.123395703826|0.956452112766,4|1|2|3,选项1|选项2|选项3|选项4,1,2
385,题目85,1.4892365116,-0.6339370791,-1.93684748354|-0.225929566884|0.260965813068,1|2|3|4,选项1|选项2|选项3|选项4,1,2
386,题目86,1.4925317587,-0.6631467448,-1.57656324035|-1.04940927899|0.636532285086,4|1|2|3,选项1|选项2|选项3|选项4,1,2
387,题目87,1.4964758614,-0.8516431813,-1.84346752489|-0.846903401618|0.135441382574,2|1|3|4,选项1|选项2|选项3|选项4,1,2
388,题目88,1.4988941009,-0.3219627548,-1.70844771181|-0.19837051981|0.940929967184,1|2|3|4,选项1|选项2|选项3|选项4,1,2
389,题目89,1.5260097754,-0.4605531909,-1.90296403043|-0.403545661865|0.924850119637,3|1|2|4,选项1|选项2|选项3|选项4,1,2
390,题目90,1.5313234101,-0.5609336948,-1.72976407875|-0.725861592011|0.77282458628,3|1|2|4,选项1|选项2|选项3|选项4,1,2
391,题目91,1.5336393525,-0.342277524,-1.23405556507|-0.711096070377|0.918319063333,1|2|3|4,选项1|选项2|选项3|选项4,1,2
392,题目92,1.5515479253,-0.5318814084,-1.67524936532|-0.608992304519|0.68859744456,2|1|3|4,选项1|选项2|选项3|选项4,1,2
393,题目93,1.5533374773,-0.520394451,-1.4516512966|-0.973340204559|0.863808148122,2|1|3|4,选项1|选项2|选项3|选项4,1,2
394,题目94,1.5672914226,-0.6965249524,-1.84712794341|-0.532093475144|0.289646561223,3|1|2|4,选项1|选项2|选项3|选项4,1,2
395,题目95,1.5741029958,-0.3565899408,-1.0151427552|-0.227131644546|0.172504577326,1|2|3|4,选项1|选项2|选项3|选项4,1,2
396,题目96,1.5778934353,-0.5827070369,-1.21519315557|-0.854774603699|0.321846648656,2|1|3|4,选项1|选项2|选项3|选项4,1,2
397,题目97,1.5786174964,-0.5564744089,-1.66117175105|-0.454128953922|0.445877478397,4|1|2|3,选项1|选项2|选项3|选项4,1,2
398,题目98,1.5897599519,-0.3895033156,-1.99844840708|-0.0768585044735|0.906796964749,3|1|2|4,选项1|选项2|选项3|选项4,1,2
399,题目99,1.6050721726,-0.5860276314,-1.04392786968|-1.08669188947|0.372536865018,1|2|3|4,选项1|选项2|选项3|选项4,1,2
400,题目100,1.6184215504,-0.5231513901,-1.4339426966|-0.467157690816|0.331646217049,4|1|2|3,选项1|选项2|选项3|选项4,1,2
401,题目101,1.6213741569,-0.5804523058,-1.23659999518|-1.01615622084|0.511399298479,3|1|2|4,选项1|选项2|选项3|选项4,2,2
402,题目102,1.6264488985,-0.5834433027,-1.42451312501|-0.771979408115|0.446162625154,2|1|3|4,选项1|选项2|选项3|选项4,2,2
403,题目103,1.636149021,-0.4137877632,-1.10401163033|-0.790096588534|0.652744929261,2|1|3|4,选项1|选项2|选项3|选项4,2,2
404,题目104,1.6406321089,-0.4734951101,-1.36152315494|-0.721633522075|0.662671346595,4|1|2|3,选项1|选项2|选项3|选项4,2,2
405,题目105,1.6416432248,-0.4616979579,-1.66482818835|-0.556141157551|0.835875472203,3|1|2|4,选项1|选项2|选项3|选项4,2,2
406,题目106,1.6460061091,-0.6935916484,-1.50848067108|-0.918852606748|0.346558332738,1|2|3|4,选项1|选项2|选项3|选项4,2,2
407,题目107,1.6467078306,-0.1825824783,-1.11425677277|-0.0336233680828|0.600132705857,4|1|2|3,选项1|选项2|选项3|选项4,2,2
408,题目108,1.6477695753,-0.2498061866,-1.21724813526|-0.110927983855|0.578757559417,4|1|2|3,选项1|选项2|选项3|选项4,2,2
409,题目109,1.6631344531,-0.3873468554,-1.65220165985|-0.283882220427|0.774043314226,4|1|2|3,选项1|选项2|选项3|选项4,2,2
410,题目110,1.6740773067,-0.4619883128,-1.34823576619|-0.570887740737|0.53315856841,2|1|3|4,选项1|选项2|选项3|选项4,2,2
411,题目111,1.6766418828,-0.5739093199,-1.85355635309|-0.72642165213|0.858250045604,1|2|3|4,选项1|选项2|选项3|选项4,2,2
412,题目112,1.6961696823,-0.4713853547,-1.25970192929|-0.529417045617|0.374962910807,3|1|2|4,选项1|选项2|选项3|选项4,2,2
413,题目113,1.702370456,-0.5130335322,-1.35543728434|-0.74781684465|0.564153532353,1|2|3|4,选项1|选项2|选项3|选项4,2,2
414,题目114,1.7049282871,-0.4855761221,-1.33861669436|-1.06618809417|0.948076422278,2|1|3|4,选项1|选项2|选项3|选项4,2,2
415,题目115,1.7255529191,-0.4780776022,-1.19375651703|-0.703803279341|0.463326989864,1|2|3|4,选项1|选项2|选项3|选项4,2,2
416,题目116,1.7267104704,-0.4093682379,-1.51826265308|-0.59756665289|0.887724592351,2|1|3|4,选项1|选项2|选项3|选项4,2,2
417,题目117,1.7361911426,-0.4876802914,-1.60175633|-0.762196777172|0.900912232952,1|2|3|4,选项1|选项2|选项3|选项4,2,2
418,题目118,1.742185437,-0.4012174149,-1.30962896914|-0.428069959441|0.534046684009,4|1|2|3,选项1|选项2|选项3|选项4,2,2
419,题目119,1.7424671093,-0.659955431,-1.95538661874|-0.927519748123|0.903040073956,3|1|2|4,选项1|选项2|选项3|选项4,2,2
420,题目120,1.7495248106,-0.6847718975,-1.46543663405|-0.770876520545|0.181997462136,4|1|2|3,选项1|选项2|选项3|选项4,2,2
421,题目121,1.7546765226,-0.4002362808,-1.32354111707|-0.55560529194|0.678437566714,3|1|2|4,选项1|选项2|选项3|选项4,2,2
422,题目122,1.7558556497,-0.5356745782,-1.97453980682|-0.236641306603|0.604157378969,1|2|3|4,选项1|选项2|选项3|选项4,2,2
423,题目123,1.7602791046,-0.5548104886,-1.68905602336|-0.603525957446|0.628150514892,4|1|2|3,选项1|选项2|选项3|选项4,2,2
424,题目124,1.7797677543,-0.3927354765,-1.88450865996|-0.277420010697|0.983722241238,4|1|2|3,选项1|选项2|选项3|选项4,2,2
425,题目125,1.7893424943,-0.1807926107,-1.12035612002|-0.126371847855|0.704350135808,3|1|2|4,选项1|选项2|选项3|选项4,2,2
426,题目126,1.7894754662,-0.4702243417,-1.50303580184|-0.271370128161|0.363732904908,1|2|3|4,选项1|选项2|选项3|选项4,2,2
427,题目127,1.802454936,-0.648375273,-1.89318722044|-0.382305429294|0.330366830799,1|2|3|4,选项1|选项2|选项3|选项4,2,2
428,题目128,1.803451396,-0.6672253439,-1.58406867801|-0.658394836237|0.240787482432,1|2|3|4,选项1|选项2|选项3|选项4,2,2
429,题目129,1.8097943829,-0.7614737329,-1.98342282369|-0.803616148583|0.502617773632,3|1|2|4,选项1|选项2|选项3|选项4,2,2
430,题目130,1.8128133243,-0.5416452288,-1.41761637812|-1.06068996619|0.853370657803,1|2|3|4,选项1|选项2|选项3|选项4,2,2
431,题目131,1.8168034011,-0.1600272489,-1.01914672816|-0.134969494688|0.674034476129,4|1|2|3,选项1|选项2|选项3|选项4,2,2
432,题目132,1.8258967022,-0.5564381107,-1.70341536105|-0.871528309538|0.905629338502,1|2|3|4,选项1|选项2|选项3|选项4,2,2
433,题目133,1.827355864,-0.2024442931,-1.15909156678|-0.22197620663|0.773734894172,1|2|3|4,选项1|选项2|选项3|选项4,2,2
434,题目134,1.835347054,-0.5805202943,-1.44510691471|-1.02765888812|0.731204919828,4|1|2|3,选项1|选项2|选项3|选项4,2,2
435,题目135,1.8450406107,-0.4498040442,-1.34851602623|-0.790588718364|0.789692611875,2|1|3|4,选项1|选项2|选项3|选项4,2,2
436,题目136,1.8457487139,-0.4271090801,-1.35936806959|-0.279657953976|0.357698783347,2|1|3|4,选项1|选项2|选项3|选项4,2,2
437,题目137,1.8562360519,-0.8154955905,-1.48960868108|-1.09720913064|0.140331040159,2|1|3|4,选项1|选项2|选项3|选项4,2,2
438,题目138,1.8656378289,-0.5741780703,-1.03965213544|-1.05862695289|0.375744877505,4|1|2|3,选项1|选项2|选项3|选项4,2,2
439,题目139,1.8716684831,-0.7058926201,-1.64608572647|-1.04536588885|0.573773754875,2|1|3|4,选项1|选项2|选项3|选项4,2,2
440,题目140,1.8816786169,-0.5483024571,-1.78527178195|-0.560483072935|0.700847483514,3|1|2|4,选项1|选项2|选项3|选项4,2,2
441,题目141,1.8899376336,-0.4829443806,-1.66950387587|-0.369741574663|0.590412308849,1|2|3|4,选项1|选项2|选项3|选项4,2,2
442,题目142,1.8957459913,-0.5376575819,-1.76666717376|-0.662536214163|0.816230642219,1|2|3|4,选项1|选项2|选项3|选项4,2,2
443,题目143,1.8974295619,-0.4087155617,-1.33149521188|-0.144813490672|0.250162017495,1|2|3|4,选项1|选项2|选项3|选项4,2,2
444,题目144,1.8981136725,-0.9159869124,-1.89472905894|-1.03490521145|0.181673533218,3|1|2|4,选项1|选项2|选项3|选项4,2,2
445,题目145,1.9099317924,-0.6224441578,-1.46840759447|-1.07777696219|0.678852083306,4|1|2|3,选项1|选项2|选项3|选项4,2,2
446,题目146,1.927612929,-0.3554158492,-1.59394890991|-0.244182902315|0.771884264711,3|1|2|4,选项1|选项2|选项3|选项4,2,2
447,题目147,1.933630036,-0.5885404411,-1.86549010987|-0.444641450288|0.54451023691,4|1|2|3,选项1|选项2|选项3|选项4,2,2
448,题目148,1.9357543958,-0.3932672436,-1.57121783189|-0.233905662175|0.625321763259,4|1|2|3,选项1|选项2|选项3|选项4,2,2
449,题目149,1.959333053,-0.6492375373,-1.7982389413|-1.01396667171|0.864493001177,3|1|2|4,选项1|选项2|选项3|选项4,2,2
450,题目150,1.9599204232,-0.3414571903,-1.91622424678|-0.0377256646511|0.929578340388,1|2|3|4,选项1|选项2|选项3|选项4,2,2
451,题目151,1.96100468,0.5584120754,-0.553676638609|0.385941783203|1.84297108152,1|2|3|4,选项1|选项2|选项3|选项4,2,2
452,题目152,1.9698248068,0.868621021,-0.100873981909|0.949812592119|1.75692445293,3|1|2|4,选项1|选项2|选项3|选项4,2,2
453,题目153,1.9780604376,0.4653517111,-0.363463481635|0.47065587486|1.28886274003,3|1|2|4,选项1|选项2|选项3|选项4,2,2
454,题目154,1.9826422815,0.8611699795,-0.138857168342|0.853790305545|1.86857680134,4|1|2|3,选项1|选项2|选项3|选项4,2,2
455,题目155,1.9891988203,0.5559990596,-0.8843035631|0.75970641865|1.79259432325,1|2|3|4,选项1|选项2|选项3|选项4,2,2
456,题目156,1.994077122,0.3942469556,-0.690478095386|0.273136549316|1.60008241283,3|1|2|4,选项1|选项2|选项3|选项4,2,2
457,题目157,2.0038707679,0.3151419743,-0.939654891426|0.254920026308|1.63016078791,1|2|3|4,选项1|选项2|选项3|选项4,2,2
458,题目158,2.0074387413,0.5129853875,-0.250015436309|0.653796798442|1.13517480046,3|1|2|4,选项1|选项2|选项3|选项4,2,2
459,题目159,2.0082625354,0.5949362573,-0.0801180336097|0.52470584481|1.34022096065,4|1|2|3,选项1|选项2|选项3|选项4,2,2
460,题目160,2.0135527938,0.3077937024,-0.921183075031|0.395168741918|1.44939544034,3|1|2|4,选项1|选项2|选项3|选项4,2,2
461,题目161,2.01410268,0.504002828,-0.296188893567|0.110326182775|1.69787119471,2|1|3|4,选项1|选项2|选项3|选项4,2,2
462,题目162,2.0359251881,0.604315061,-0.5952634983|0.723012845784|1.68519583541,3|1|2|4,选项1|选项2|选项3|选项4,2,2
463,题目163,2.0391425739,0.5039314004,-0.00668463288672|0.398392006213|1.12008682781,1|2|3|4,选项1|选项2|选项3|选项4,2,2
464,题目164,2.0424805215,0.4645512113,-0.884878769568|0.320586016353|1.95794638709,1|2|3|4,选项1|选项2|选项3|选项4,2,2
465,题目165,2.0435072713,0.5402665245,-0.230571912965|0.39616499283|1.45520649372,1|2|3|4,选项1|选项2|选项3|选项4,2,2
466,题目166,2.0447090766,0.6695145776,-0.815887860513|0.857970741907|1.96646085139,3|1|2|4,选项1|选项2|选项3|选项4,2,2
467,题目167,2.0529983915,0.6412838668,-0.271491080828|0.97642883919|1.21891384195,3|1|2|4,选项1|选项2|选项3|选项4,2,2
468,题目168,2.0567312698,0.6587228013,-0.775558043261|0.988598148763|1.76312829849,4|1|2|3,选项1|选项2|选项3|选项4,2,2
469,题目169,2.0614855929,0.7216579268,-0.0755512523838|0.268360909516|1.97216412315,1|2|3|4,选项1|选项2|选项3|选项4,2,2
470,题目170,2.0695536837,0.701297154,-0.173717491522|0.708754341024|1.56885461249,3|1|2|4,选项1|选项2|选项3|选项4,2,2
471,题目171,2.0701802216,0.7519058608,-0.512193336638|0.807393463022|1.96051745588,4|1|2|3,选项1|选项2|选项3|选项4,2,2
472,题目172,2.0912699298,0.4695204284,-0.83196870118|0.635287278069|1.60524270844,1|2|3|4,选项1|选项2|选项3|选项4,2,2
473,题目173,2.1142420984,0.4938673825,-0.731479747996|0.907643160146|1.30543873538,4|1|2|3,选项1|选项2|选项3|选项4,2,2
474,题目174,2.1144218621,0.5042493018,-0.670379700446|0.740406903204|1.44272070258,3|1|2|4,选项1|选项2|选项3|选项4,2,2
475,题目175,2.1156507388,0.4100008677,-0.948828119675|0.324959904954|1.8538708178,1|2|3|4,选项1|选项2|选项3|选项4,2,2
476,题目176,2.1254524066,0.4010113025,-0.523665706178|0.465967622028|1.26073199161,3|1|2|4,选项1|选项2|选项3|选项4,2,2
477,题目177,2.1406223104,0.5894181902,-0.698099568029|0.970727006574|1.49562713191,3|1|2|4,选项1|选项2|选项3|选项4,2,2
478,题目178,2.1512619814,0.4547577389,-0.418428815265|0.241727472545|1.54097455946,3|1|2|4,选项1|选项2|选项3|选项4,2,2
479,题目179,2.1524638484,0.4155425731,-0.921044868691|0.497900162592|1.66977242528,4|1|2|3,选项1|选项2|选项3|选项4,2,2
480,题目180,2.1543477631,0.3552455569,-0.574247177971|0.165210648754|1.47477319977,4|1|2|3,选项1|选项2|选项3|选项4,2,2
481,题目181,2.1556612297,0.7924588479,-0.133897810584|0.989229247641|1.52204510669,3|1|2|4,选项1|选项2|选项3|选项4,2,2
482,题目182,2.1699084654,0.5728275069,-0.207696498547|0.752959541089|1.17321947813,1|2|3|4,选项1|选项2|选项3|选项4,2,2
483,题目183,2.1717035426,0.5453772159,-0.523846611828|0.922486111758|1.23749214776,2|1|3|4,选项1|选项2|选项3|选项4,2,2
484,题目184,2.177944311,0.4641733026,-0.988487092269|0.790886726504|1.59012027343,4|1|2|3,选项1|选项2|选项3|选项4,2,2
485,题目185,2.1814677828,0.598937449,-0.535885645177|0.341176623086|1.99152136907,2|1|3|4,选项1|选项2|选项3|选项4,2,2
486,题目186,2.18222036,0.504797419,-0.290212393643|0.112469406982|1.69213524359,3|1|2|4,选项1|选项2|选项3|选项4,2,2
487,题目187,2.1933134292,0.5186533835,-0.462445598319|0.199564388672|1.81884136009,1|2|3|4,选项1|选项2|选项3|选项4,2,2
488,题目188,2.204326837,0.3732594773,-0.949513822369|0.350227077949|1.7190651762,4|1|2|3,选项1|选项2|选项3|选项4,2,2
489,题目189,2.2161641186,0.4347363143,-0.133977076553|0.107439904342|1.33074611505,4|1|2|3,选项1|选项2|选项3|选项4,2,2
490,题目190,2.2162591108,0.3692916705,-0.431333124936|0.244787301709|1.29442083458,3|1|2|4,选项1|选项2|选项3|选项4,2,2
491,题目191,2.2173461026,0.6601007123,-0.272505042484|0.357490901023|1.89531627837,4|1|2|3,选项1|选项2|选项3|选项4,2,2
492,题目192,2.2240908298,0.7825215711,-0.0388241070429|0.745442706704|1.64094611365,4|1|2|3,选项1|选项2|选项3|选项4,2,2
493,题目193,2.224936455,0.6003115971,-0.538272933191|0.772483229164|1.56672449538,2|1|3|4,选项1|选项2|选项3|选项4,2,2
494,题目194,2.2254746613,0.6441794338,-0.0288546212079|0.669208608074|1.29218431447,3|1|2|4,选项1|选项2|选项3|选项4,2,2
495,题目195,2.2257407683,0.2832517921,-0.863792709368|0.435957990182|1.27759009538,2|1|3|4,选项1|选项2|选项3|选项4,2,2
496,题目196,2.2266929805,0.5478575394,-0.548942816243|0.302960042744|1.88955539166,2|1|3|4,选项1|选项2|选项3|选项4,2,2
497,题目197,2.2268639755,0.4742369451,-0.69820692864|0.874032116073|1.24688564772,2|1|3|4,选项1|选项2|选项3|选项4,2,2
498,题目198,2.2273054436,0.5191668569,-0.835928257468|0.72008513631|1.67334369187,1|2|3|4,选项1|选项2|选项3|选项4,2,2
499,题目199,2.2324491925,0.4311069949,-0.864804731359|0.552856781818|1.60526893413,4|1|2|3,选项1|选项2|选项3|选项4,2,2
500,题目200,2.2436490578,0.5175734297,-0.36622915263|0.259813712497|1.65913572914,1|2|3|4,选项1|选项2|选项3|选项4,2,2
501,题目201,2.2437306142,0.6942935615,-0.0585964243619|0.82700065163|1.31447645734,2|1|3|4,选项1|选项2|选项3|选项4,3,2
502,题目202,2.2489679093,0.4684944347,-0.854596039665|0.808878057868|1.45120128597,1|2|3|4,选项1|选项2|选项3|选项4,3,2
503,题目203,2.2546985408,0.8636675723,-0.198427205485|0.806107182312|1.9833227401,1|2|3|4,选项1|选项2|选项3|选项4,3,2
504,题目204,2.2561443689,0.7321916195,-0.103740562897|0.427459890634|1.87285553065,2|1|3|4,选项1|选项2|选项3|选项4,3,2
505,题目205,2.2598422912,0.8624504295,-0.367460883605|0.971376393459|1.98343577857,1|2|3|4,选项1|选项2|选项3|选项4,3,2
506,题目206,2.2674913344,0.639485423,-0.731494662439|0.887245293984|1.76270563732,4|1|2|3,选项1|选项2|选项3|选项4,3,2
507,题目207,2.2906308357,0.3909667578,-0.985385974784|0.511040975462|1.64724527286,4|1|2|3,选项1|选项2|选项3|选项4,3,2
508,题目208,2.2911780531,0.466770361,-0.853632442473|0.592090861713|1.66185266385,2|1|3|4,选项1|选项2|选项3|选项4,3,2
509,题目209,2.2922117046,0.6242923762,-0.790253208173|0.875254022775|1.78787631405,2|1|3|4,选项1|选项2|选项3|选项4,3,2
510,题目210,2.2993680899,0.5039602474,-0.893521012156|0.528993560886|1.87640819349,3|1|2|4,选项1|选项2|选项3|选项4,3,2
511,题目211,2.2994524849,0.5954191358,-0.163167226961|0.355894863613|1.59352977083,3|1|2|4,选项1|选项2|选项3|选项4,3,2
512,题目212,2.3064807951,0.2988323315,-0.843734490635|0.249874977274|1.49035650773,2|1|3|4,选项1|选项2|选项3|选项4,3,2
513,题目213,2.3191033146,0.5182655007,-0.527858735886|0.610631512035|1.47202372595,1|2|3|4,选项1|选项2|选项3|选项4,3,2
514,题目214,2.3264637056,0.6817104839,-0.3725354936|0.788418869707|1.62924807556,4|1|2|3,选项1|选项2|选项3|选项4,3,2
515,题目215,2.3287837057,0.8013117337,-0.171391133576|0.61086008868|1.96446624607,2|1|3|4,选项1|选项2|选项3|选项4,3,2
516,题目216,2.3305496462,0.753193641,-0.297763097645|0.710312187113|1.84703183362,1|2|3|4,选项1|选项2|选项3|选项4,3,2
517,题目217,2.3384741152,0.4664553606,-0.38649515092|0.19183515796|1.59402607477,4|1|2|3,选项1|选项2|选项3|选项4,3,2
518,题目218,2.3386063551,0.5148809368,-0.599644900004|0.666479089789|1.47780862048,4|1|2|3,选项1|选项2|选项3|选项4,3,2
519,题目219,2.3419092322,0.5054927954,-0.0909281447876|0.337172942856|1.27023358828,4|1|2|3,选项1|选项2|选项3|选项4,3,2
520,题目220,2.3441971392,0.4051000219,-0.519569796331|0.452787983282|1.28208187888,4|1|2|3,选项1|选项2|选项3|选项4,3,2
521,题目221,2.3454771182,0.5338232131,-0.783332014622|0.833455459079|1.55134619482,4|1|2|3,选项1|选项2|选项3|选项4,3,2
522,题目222,2.3497038721,0.5592790498,-0.831728570257|0.780376953874|1.72918876588,3|1|2|4,选项1|选项2|选项3|选项4,3,2
523,题目223,2.3677600805,0.6252222515,-0.332508098268|0.286756125495|1.92141872739,4|1|2|3,选项1|选项2|选项3|选项4,3,2
524,题目224,2.3846289973,0.7913174684,-0.345133965918|0.816731323559|1.90235504749,2|1|3|4,选项1|选项2|选项3|选项4,3,2
525,题目225,2.4072903766,0.3180320105,-0.659097109503|0.19892453857|1.41426860253,4|1|2|3,选项1|选项2|选项3|选项4,3,2
526,题目226,2.4121637955,0.4606851743,-0.394764516319|0.365424049642|1.41139598946,1|2|3|4,选项1|选项2|选项3|选项4,3,2
527,题目227,2.4303210855,0.4746032752,-0.167400812428|0.206665324413|1.38454531349,4|1|2|3,选项1|选项2|选项3|选项4,3,2
528,题目228,2.4337367315,0.5831057924,-0.463449861691|0.594850369136|1.61791686969,1|2|3|4,选项1|选项2|选项3|选项4,3,2
529,题目229,2.4383131331,0.1846563109,-0.778581765174|0.122783989573|1.20976670839,2|1|3|4,选项1|选项2|选项3|选项4,3,2
530,题目230,2.4520683424,0.4510272562,-0.799264076985|0.523970475551|1.62837537006,4|1|2|3,选项1|选项2|选项3|选项4,3,2
531,题目231,2.4539087092,0.3569610525,-0.455190090585|0.346687744479|1.17938550355,2|1|3|4,选项1|选项2|选项3|选项4,3,2
532,题目232,2.4583094035,0.6354687268,-0.18694026745|0.747935362146|1.34541108576,3|1|2|4,选项1|选项2|选项3|选项4,3,2
533,题目233,2.4660935105,0.2667508503,-0.706356705602|0.155880128518|1.35072912789,4|1|2|3,选项1|选项2|选项3|选项4,3,2
534,题目234,2.4703404064,0.7186323215,-0.307698426276|0.853959073037|1.60963631772,3|1|2|4,选项1|选项2|选项3|选项4,3,2
535,题目235,2.4730966347,0.5632073588,-0.491612126061|0.55623923292|1.62499496949,3|1|2|4,选项1|选项2|选项3|选项4,3,2
536,题目236,2.4890868931,0.4473679204,-0.810342867448|0.984755089576|1.16769153893,3|1|2|4,选项1|选项2|选项3|选项4,3,2
537,题目237,2.5034995036,0.4364686419,-0.442746321378|0.600053868069|1.15209837893,1|2|3|4,选项1|选项2|选项3|选项4,3,2
538,题目238,2.5043789793,0.2527533629,-0.660040088818|0.185218661111|1.23308151632,2|1|3|4,选项1|选项2|选项3|选项4,3,2
539,题目239,2.5105570386,0.690270232,-0.109561661562|0.333743139243|1.84662921841,3|1|2|4,选项1|选项2|选项3|选项4,3,2
540,题目240,2.5328035195,0.6479892349,-0.687370345109|0.854114639432|1.7772234105,1|2|3|4,选项1|选项2|选项3|选项4,3,2
541,题目241,2.5363383795,0.3102580984,-0.891349291964|0.670717857616|1.15140572966,4|1|2|3,选项1|选项2|选项3|选项4,3,2
542,题目242,2.5403669671,0.3971007739,-0.873296531089|0.631473100919|1.43312575189,4|1|2|3,选项1|选项2|选项3|选项4,3,2
543,题目243,2.5478514472,0.96948019,-0.000612701266671|0.920641719744|1.98841155162,1|2|3|4,选项1|选项2|选项3|选项4,3,2
544,题目244,2.5635722695,0.4790165395,-0.398812091489|0.176825207625|1.65903650246,1|2|3|4,选项1|选项2|选项3|选项4,3,2
545,题目245,2.5879760273,0.2967969194,-0.90003307584|0.28793939441|1.50248443969,3|1|2|4,选项1|选项2|选项3|选项4,3,2
546,题目246,2.5885600221,0.5112452372,-0.995150606472|0.954464497317|1.57442182078,1|2|3|4,选项1|选项2|选项3|选项4,3,2
547,题目247,2.5953458979,0.6691186032,-0.00678529517811|0.528783902724|1.48535720202,2|1|3|4,选项1|选项2|选项3|选项4,3,2
548,题目248,2.6010847806,0.7047480979,-0.0531703576619|0.345896782955|1.82151786837,1|2|3|4,选项1|选项2|选项3|选项4,3,2
549,题目249,2.6017811164,0.4397275029,-0.698558746995|0.208254147747|1.80948710791,2|1|3|4,选项1|选项2|选项3|选项4,3,2
550,题目250,2.6022533664,0.3751472706,-0.426513510844|0.343092325899|1.20886299687,2|1|3|4,选项1|选项2|选项3|选项4,3,2
551,题目251,2.6084579375,1.4494453376,0.324346418833|1.45941117285|2.56457842104,4|1|2|3,选项1|选项2|选项3|选项4,3,2
552,题目252,2.6173737568,1.5754084812,0.68059883715|1.56889307907|2.47673352749,4|1|2|3,选项1|选项2|选项3|选项4,3,2
553,题目253,2.6179491564,1.6781356648,0.505032451672|1.77824596439|2.75112857842,2|1|3|4,选项1|选项2|选项3|选项4,3,2
554,题目254,2.6465823793,1.3027882668,0.142116136836|1.19117757317|2.57507109026,2|1|3|4,选项1|选项2|选项3|选项4,3,2
555,题目255,2.6530546386,1.585929621,0.149516170649|1.66427007007|2.94400262217,2|1|3|4,选项1|选项2|选项3|选项4,3,2
556,题目256,2.6643925597,1.4998729958,0.386572929967|1.27030646412|2.84273959331,2|1|3|4,选项1|选项2|选项3|选项4,3,2
557,题目257,2.6771186663,1.6585678349,0.757991131673|1.78338222231|2.43433015078,1|2|3|4,选项1|选项2|选项3|选项4,3,2
558,题目258,2.6821865347,1.7162473064,0.751607110933|1.76350277493|2.63363203322,4|1|2|3,选项1|选项2|选项3|选项4,3,2
559,题目259,2.6837639708,1.7290501182,0.543159696663|1.90001227507|2.74397838283,2|1|3|4,选项1|选项2|选项3|选项4,3,2
560,题目260,2.6911083018,1.4413483115,0.127862150403|1.37827151474|2.81791126937,1|2|3|4,选项1|选项2|选项3|选项4,3,2
561,题目261,2.6992409192,1.7035353756,0.521840267233|1.8134680243|2.77529783518,4|1|2|3,选项1|选项2|选项3|选项4,3,2
562,题目262,2.7184191575,1.4049716779,0.804283120645|1.15543119784|2.25520071526,2|1|3|4,选项1|选项2|选项3|选项4,3,2
563,题目263,2.7187603967,1.7455060106,0.958843140809|1.50226562596|2.77540926518,2|1|3|4,选项1|选项2|选项3|选项4,3,2
564,题目264,2.7278341337,1.4051760175,0.913846342563|1.19020742536|2.11147428462,3|1|2|4,选项1|选项2|选项3|选项4,3,2
565,题目265,2.7388229615,1.5641317299,0.0693756306155|1.95458549772|2.66843406135,4|1|2|3,选项1|选项2|选项3|选项4,3,2
566,题目266,2.7451042142,1.840548491,0.757593150709|1.87394899207|2.89010333013,2|1|3|4,选项1|选项2|选项3|选项4,3,2
567,题目267,2.753315867,1.6060777496,0.681274197466|1.45392511064|2.68303394081,1|2|3|4,选项1|选项2|选项3|选项4,3,2
568,题目268,2.7590044332,1.5542799579,0.31166743117|1.49649120613|2.85468123641,2|1|3|4,选项1|选项2|选项3|选项4,3,2
569,题目269,2.7678057309,1.5361906883,0.991192948134|1.24172519193|2.37565392478,1|2|3|4,选项1|选项2|选项3|选项4,3,2
570,题目270,2.7756907495,1.4901891918,0.689334925081|1.11410354347|2.66712910679,4|1|2|3,选项1|选项2|选项3|选项4,3,2
571,题目271,2.7769472724,1.7100513735,0.295349360687|1.91825918505|2.91654557485,2|1|3|4,选项1|选项2|选项3|选项4,3,2
572,题目272,2.7792250977,1.5836192621,0.450570381448|1.57344189352|2.72684551131,3|1|2|4,选项1|选项2|选项3|选项4,3,2
573,题目273,2.7821025724,1.3944565348,0.269307312237|1.40847691474|2.50558537737,1|2|3|4,选项1|选项2|选项3|选项4,3,2
574,题目274,2.7843533312,1.6843163731,0.291791122949|1.89691086014|2.86424713636,2|1|3|4,选项1|选项2|选项3|选项4,3,2
575,题目275,2.7929678151,1.5572003179,0.739720471327|1.2575444075|2.67433607501,2|1|3|4,选项1|选项2|选项3|选项4,3,2
576,题目276,2.7936637224,1.7206956625,0.972515327224|1.91537765368|2.27419400654,4|1|2|3,选项1|选项2|选项3|选项4,3,2
577,题目277,2.7985090963,1.4456972858,0.0863472282331|1.6034619797|2.64728264944,3|1|2|4,选项1|选项2|选项3|选项4,3,2
578,题目278,2.8336510006,1.4379927111,0.222928168588|1.45281270275|2.6382372619,3|1|2|4,选项1|选项2|选项3|选项4,3,2
579,题目279,2.8337946628,1.2747975339,0.183606151263|1.51834212384|2.12244432649,3|1|2|4,选项1|选项2|选项3|选项4,3,2
580,题目280,2.8351370416,1.5971200298,0.902852482203|1.45158035172|2.43692725558,3|1|2|4,选项1|选项2|选项3|选项4,3,2
581,题目281,2.8382568768,1.4583662694,0.540691101951|1.69366887468|2.14073883159,4|1|2|3,选项1|选项2|选项3|选项4,3,2
582,题目282,2.8403575813,1.4411044915,0.00600185089008|1.33514669089|2.98216493262,4|1|2|3,选项1|选项2|选项3|选项4,3,2
583,题目283,2.8412214826,1.5207455098,0.837819064803|1.29666241823|2.42775504626,4|1|2|3,选项1|选项2|选项3|选项4,3,2
584,题目284,2.8427510955,1.4503319771,0.0878772373835|1.36196457655|2.90115411741,2|1|3|4,选项1|选项2|选项3|选项4,3,2
585,题目285,2.8635221271,1.8593848549,0.931330668696|1.7662247984|2.88059909763,4|1|2|3,选项1|选项2|选项3|选项4,3,2
586,题目286,2.8648930185,1.5024721867,0.580179505865|1.81835653262|2.10888052151,3|1|2|4,选项1|选项2|选项3|选项4,3,2
587,题目287,2.8804530527,1.5091655213,0.20981878751|1.93976423825|2.37791353804,1|2|3|4,选项1|选项2|选项3|选项4,3,2
588,题目288,2.8847606278,1.5420346621,0.721523815027|1.67592429164|2.22865587965,2|1|3|4,选项1|选项2|选项3|选项4,3,2
589,题目289,2.893624615,1.1726107813,0.0394888820167|1.13900316288|2.33934029903,2|1|3|4,选项1|选项2|选项3|选项4,3,2
590,题目290,2.8998501768,1.3858134703,0.211807223545|1.10984826109|2.83578492633,4|1|2|3,选项1|选项2|选项3|选项4,3,2
591,题目291,2.9212501532,1.7027410981,0.451857562561|1.80491315855|2.85145257324,3|1|2|4,选项1|选项2|选项3|选项4,3,2
592,题目292,2.9364283252,1.4343537363,0.343951286591|1.62051532128|2.33859460098,4|1|2|3,选项1|选项2|选项3|选项4,3,2
593,题目293,2.9367777619,1.5473829074,0.816057502168|1.28677891595|2.53931230405,2|1|3|4,选项1|选项2|选项3|选项4,3,2
594,题目294,2.9388962665,1.6211965775,0.549192706381|1.9689432512|2.34545377487,3|1|2|4,选项1|选项2|选项3|选项4,3,2
595,题目295,2.9397117069,1.6789220072,0.434885874241|1.97398699668|2.62789315062,1|2|3|4,选项1|选项2|选项3|选项4,3,2
596,题目296,2.9509156371,1.5834882491,0.697213669407|1.72435331298|2.32889776499,1|2|3|4,选项1|选项2|选项3|选项4,3,2
597,题目297,2.9532065713,1.7177089047,0.671422102194|1.74753027714|2.73417433484,1|2|3|4,选项1|选项2|选项3|选项4,3,2
598,题目298,2.9822600076,1.590807926,0.330134993429|1.48581418445|2.95647460013,4|1|2|3,选项1|选项2|选项3|选项4,3,2
599,题目299,2.9829184742,1.5261141522,0.754772859118|1.30206432225|2.52150527524,4|1|2|3,选项1|选项2|选项3|选项4,3,2
600,题目300,2.9885783465,1.3194803106,0.14141397586|1.34142459719|2.4756023586,1|2|3|4,选项1|选项2|选项3|选项4,3,2
